Date,Artist,Venue,City,State,
"Dec. 03, 1988",Hurricane,The Palace Of Auburn Hills,Auburn Hills,Michigan,
"Dec. 03, 1988",Stryper,The Palace Of Auburn Hills,Auburn Hills,Michigan,
,,,,,
"Sept. 25, 1993",The Whooligans,State Theatre ,Detroit,Michigan,
"Sept. 25, 1993",Funkdoobiest,State Theatre ,Detroit,Michigan,
"Sept. 25, 1993",House Of Pain,State Theatre ,Detroit,Michigan,
"Sept. 25, 1993",Cypress Hill,State Theatre ,Detroit,Michigan,
,,,,,
"Oct. 29, 1993",The Boredoms,Michigan State Fair Coliseum,Detroit,Michigan,
"Oct. 29, 1993",Meat Puppets,Michigan State Fair Coliseum,Detroit,Michigan,
"Oct. 29, 1993",Nirvana,Michigan State Fair Coliseum,Detroit,Michigan,
,,,,,
"Feb. 03, 1994",Obsession,State Theatre ,Detroit,Michigan,
"Feb. 03, 1994",Prong,State Theatre ,Detroit,Michigan,
"Feb. 03, 1994",White Zombie,State Theatre ,Detroit,Michigan,
,,,,,
"Feb. 26, 1994",Failure,State Theatre ,Detroit,Michigan,
"Feb. 26, 1994",Tool,State Theatre ,Detroit,Michigan,
,,,,,
"Mar. 22, 1994",Primus,The Palace Of Auburn Hills,Auburn Hills,Michigan,
"Mar. 22, 1994",Rush,The Palace Of Auburn Hills,Auburn Hills,Michigan,
,,,,,
"May 19, 1994",Failure,Phoenix Plaza Ampithetre,Pontiac,Michigan,
"May 19, 1994",Flaming Lips,Phoenix Plaza Ampithetre,Pontiac,Michigan,
"May 19, 1994",Tool,Phoenix Plaza Ampithetre,Pontiac,Michigan,
,,,,,
"Jun. 25, 1994",Biohazard,The Palace Of Auburn Hills,Auburn Hills,Michigan,
"Jun. 25, 1994",Sepultura,The Palace Of Auburn Hills,Auburn Hills,Michigan,
"Jun. 25, 1994",Pantera,The Palace Of Auburn Hills,Auburn Hills,Michigan,
,,,,,
"Sep. 24, 1994",Cell,UNF Arena,Jacksonville,Florida,
"Sep. 24, 1994",Green Day,UNF Arena,Jacksonville,Florida,
,,,,,
"Nov. 18, 1994",Marilyn Manson,Jacksonville Coliseum,Jacksonville,Florida,
"Nov. 18, 1994",Jim Rose Circus,Jacksonville Coliseum,Jacksonville,Florida,
"Nov. 18, 1994",Nine Inch Nails,Jacksonville Coliseum,Jacksonville,Florida,
,,,,,
"Jan. 19, 1995",Kepone,The Edge,Jacksonville,Florida,
"Jan. 19, 1995",Helmet,The Edge,Jacksonville,Florida,
,,,,,
"Jan. 24, 1995",Type O Negative,UNF Arena,Jacksonville,Florida,
"Jan. 24, 1995",Pantera,UNF Arena,Jacksonville,Florida,
,,,,,
"Oct. 10, 1995",Sugar Ray,Milk Bar,Jacksonville,Florida,
"Oct. 10, 1995",Deftones,Milk Bar,Jacksonville,Florida,
"Oct. 10, 1995",Monster Magnet,Milk Bar,Jacksonville,Florida,
,,,,,
"Oct. 18, 1995",Gizzard,Milk Bar,Jacksonville,Florida,
"Oct. 18, 1995",Joy Killer,Milk Bar,Jacksonville,Florida,
"Oct. 18, 1995",Pennywise,Milk Bar,Jacksonville,Florida,
,,,,,
"Oct. 31, 1995",Blink-182,Milk Bar,Jacksonville,Florida,
"Oct. 31, 1995",Sprung Monkey,Milk Bar,Jacksonville,Florida,
"Oct. 31, 1995",Unwritten Law,Milk Bar,Jacksonville,Florida,
"Oct. 31, 1995",7 Seconds,Milk Bar,Jacksonville,Florida,
,,,,,
"Nov. 29, 1995",Sacajaweeda,Milk Bar,Jacksonville,Florida,
"Nov. 29, 1995",Machines Of Loving Grace,Milk Bar,Jacksonville,Florida,
"Nov. 29, 1995",Korn,Milk Bar,Jacksonville,Florida,
,,,,,
"Feb. 12, 1996",Filter,Jacksonville Coliseum,Jacksonville,Florida,
"Feb. 12, 1996",White Zombie,Jacksonville Coliseum,Jacksonville,Florida,
,,,,,
"Feb. 16, 1996",Snuff,Milk Bar,Jacksonville,Florida,
"Feb. 16, 1996",Bouncing Souls,Milk Bar,Jacksonville,Florida,
"Feb. 16, 1996",NOFX,Milk Bar,Jacksonville,Florida,
,,,,,
"Mar. 22, 1996",Skiploader,Milk Bar,Jacksonville,Florida,
"Mar. 22, 1996",Meices,Milk Bar,Jacksonville,Florida,
"Mar. 22, 1996",Blink-182,Milk Bar,Jacksonville,Florida,
,,,,,
"Mar. 31, 1996",Gimp Disco,Milk Bar,Jacksonville,Florida,
"Mar. 31, 1996",Branch Manager,Milk Bar,Jacksonville,Florida,
"Mar. 31, 1996",Fugazi,Milk Bar,Jacksonville,Florida,
,,,,,
"Apr. 09, 1996",Fu Manchu,Shades,Orange Park,Florida,
"Apr. 09, 1996",Sacajaweeda,Shades,Orange Park,Florida,
"Apr. 09, 1996",Limp Bizkit,Shades,Orange Park,Florida,
"Apr. 09, 1996",Deftones,Shades,Orange Park,Florida,
,,,,,
"May 24, 1996",Cards In Spokes,Milk Bar,Jacksonville,Florida,
"May 24, 1996",Screw 32,Milk Bar,Jacksonville,Florida,
"May 24, 1996",Lagwagon,Milk Bar,Jacksonville,Florida,
,,,,,
"Jun. 07, 1996",Quarter Roy,Milk Bar,Jacksonville,Florida,
"Jun. 07, 1996",Unwritten Law,Milk Bar,Jacksonville,Florida,
"Jun. 07, 1996",Blink-182,Milk Bar,Jacksonville,Florida,
,,,,,
"Jul. 05, 1996",White Zombie,Jacksonville Coliseum,Jacksonville,Florida,
"Jul. 05, 1996",Pantera,Jacksonville Coliseum,Jacksonville,Florida,
,,,,,
"Aug. 06, 1996",Limp Bizkit,Metro Park,Jacksonville,Florida,
"Aug. 06, 1996",Dimestore Hoods,Metro Park,Jacksonville,Florida,
"Aug. 06, 1996",Down By Law,Metro Park,Jacksonville,Florida,
"Aug. 06, 1996",Samiam,Metro Park,Jacksonville,Florida,
"Aug. 06, 1996",Mr Miranga,Metro Park,Jacksonville,Florida,
"Aug. 06, 1996",Civ,Metro Park,Jacksonville,Florida,
"Aug. 06, 1996",Rocket From The Crypt,Metro Park,Jacksonville,Florida,
"Aug. 06, 1996",Fluf,Metro Park,Jacksonville,Florida,
"Aug. 06, 1996",Blink-182,Metro Park,Jacksonville,Florida,
"Aug. 06, 1996",Red 6,Metro Park,Jacksonville,Florida,
"Aug. 06, 1996",Strung Out,Metro Park,Jacksonville,Florida,
"Aug. 06, 1996",Fishbone,Metro Park,Jacksonville,Florida,
"Aug. 06, 1996",Pennywise,Metro Park,Jacksonville,Florida,
"Aug. 06, 1996",311,Metro Park,Jacksonville,Florida,
,,,,,
"Aug. 06, 1996",Ringworm,Milk Bar,Jacksonville,Florida,
"Aug. 06, 1996",Limp Bizkit,Milk Bar,Jacksonville,Florida,
,,,,,
"Aug. 22, 1996",TJ Hookers,Milk Bar,Jacksonville,Florida,
"Aug. 22, 1996",Ten Foot Pole,Milk Bar,Jacksonville,Florida,
"Aug. 22, 1996",No Use For A Name,Milk Bar,Jacksonville,Florida,
,,,,,
"Sep. 08, 1996",Less Than Jake,Shades,Orange Park,Florida,
"Sep. 08, 1996",Goldfinger,Shades,Orange Park,Florida,
"Sep. 08, 1996",Bad Religion,Shades,Orange Park,Florida,
,,,,,
"Sep. 29, 1996",Sugar Ray,Velocity,Jacksonville,Florida,
"Sep. 29, 1996",Funkdoobiest,Velocity,Jacksonville,Florida,
"Sep. 29, 1996",Limp Bizkit,Velocity,Jacksonville,Florida,
,,,,,
"Nov. 03, 1996",Automatic 7,Milk Bar,Jacksonville,Florida,
"Nov. 03, 1996",The Suicide Machines,Milk Bar,Jacksonville,Florida,
"Nov. 03, 1996",Face To Face,Milk Bar,Jacksonville,Florida,
,,,,,
"Nov. 19, 1996",The Urge,Shades,Orange Park,Florida,
"Nov. 19, 1996",Korn,Shades,Orange Park,Florida,
,,,,,
"Dec. 12, 1996",Quarter Roy,Milk Bar,Jacksonville,Florida,
"Dec. 12, 1996",Ringworm,Milk Bar,Jacksonville,Florida,
"Dec. 12, 1996",22 Jacks,Milk Bar,Jacksonville,Florida,
"Dec. 12, 1996",Unwritten Law,Milk Bar,Jacksonville,Florida,
,,,,,
"Apr. 17, 1997",Marilyn Manson,Jacksonville Coliseum,Jacksonville,Florida,
,,,,,
"Jun. 18, 1997",MXPX,Milk Bar,Jacksonville,Florida,
"Jun. 18, 1997",Face To Face,Milk Bar,Jacksonville,Florida,
,,,,,
"Aug. 01, 1997",Cards In Spokes,Jacksonville Fairgrounds,Jacksonville,Florida,
"Aug. 01, 1997",Ringworm,Jacksonville Fairgrounds,Jacksonville,Florida,
"Aug. 01, 1997",Sun Child,Jacksonville Fairgrounds,Jacksonville,Florida,
"Aug. 01, 1997",Lo Presher,Jacksonville Fairgrounds,Jacksonville,Florida,
"Aug. 01, 1997",Mighty Mighty Bosstones,Jacksonville Fairgrounds,Jacksonville,Florida,
"Aug. 01, 1997",Lagwagon,Jacksonville Fairgrounds,Jacksonville,Florida,
"Aug. 01, 1997",Blink-182,Jacksonville Fairgrounds,Jacksonville,Florida,
"Aug. 01, 1997",Sick Of It All,Jacksonville Fairgrounds,Jacksonville,Florida,
"Aug. 01, 1997",The Suicide Machines,Jacksonville Fairgrounds,Jacksonville,Florida,
"Aug. 01, 1997",Limp Bizkit,Jacksonville Fairgrounds,Jacksonville,Florida,
"Aug. 01, 1997",Descendents,Jacksonville Fairgrounds,Jacksonville,Florida,
"Aug. 01, 1997",Less Than Jake,Jacksonville Fairgrounds,Jacksonville,Florida,
"Aug. 01, 1997",Pennywise,Jacksonville Fairgrounds,Jacksonville,Florida,
"Aug. 01, 1997",Royal Crown Revue,Jacksonville Fairgrounds,Jacksonville,Florida,
"Aug. 01, 1997",Social Distortion,Jacksonville Fairgrounds,Jacksonville,Florida,
,,,,,
"Sep. 11, 1997",Limp,Milk Bar,Jacksonville,Florida,
"Sep. 11, 1997",No Use For A Name,Milk Bar,Jacksonville,Florida,
"Sep. 11, 1997",Lagwagon,Milk Bar,Jacksonville,Florida,
,,,,,
"Oct. 1, 1997",FOC,Milk Bar,Jacksonville,Florida,
"Oct. 1, 1997",One Hit Wonder,Milk Bar,Jacksonville,Florida,
"Oct. 1, 1997",Ten Foot Pole ,Milk Bar,Jacksonville,Florida,
"Oct. 1, 1997",Guttermouth,Milk Bar,Jacksonville,Florida,
,,,,,
"Feb. 17, 1998",Kill Your Idols,Rack 'Em Up,Jacksonville,Florida,
"Feb. 17, 1998",Quarter Roy,Rack 'Em Up,Jacksonville,Florida,
"Feb. 17, 1998",Ensign,Rack 'Em Up,Jacksonville,Florida,
"Feb. 17, 1998",AFI,Rack 'Em Up,Jacksonville,Florida,
,,,,,
"Mar. 5, 1998",No Use For A Name,Milk Bar,Jacksonville,Florida,
"Mar. 5, 1998",NOFX,Milk Bar,Jacksonville,Florida,
,,,,,
"May 09, 1998",The Roosters,Florida Theatre,Jacksonville,Florida,
"May 09, 1998",Lynyrd Skynyrd,Florida Theatre,Jacksonville,Florida,
,,,,,
"Aug. 4, 1998",Kid Rock,Jacksonville Fairgrounds,Jacksonville,Florida,
"Aug. 4, 1998",Rev. Horton Heat,Jacksonville Fairgrounds,Jacksonville,Florida,
"Aug. 4, 1998",Mighty Mighty Bosstones,Jacksonville Fairgrounds,Jacksonville,Florida,
"Aug. 4, 1998",The Specials,Jacksonville Fairgrounds,Jacksonville,Florida,
"Aug. 4, 1998",Unwritten Law,Jacksonville Fairgrounds,Jacksonville,Florida,
"Aug. 4, 1998",Hatebreed,Jacksonville Fairgrounds,Jacksonville,Florida,
"Aug. 4, 1998",Bad Religion,Jacksonville Fairgrounds,Jacksonville,Florida,
"Aug. 4, 1998",NOFX,Jacksonville Fairgrounds,Jacksonville,Florida,
"Aug. 4, 1998",Blink-182,Jacksonville Fairgrounds,Jacksonville,Florida,
"Aug. 4, 1998",Deftones ,Jacksonville Fairgrounds,Jacksonville,Florida,
"Aug. 4, 1998",Rancid,Jacksonville Fairgrounds,Jacksonville,Florida,
,,,,,
"Oct. 15, 1998",Peter Frampton,Jacksonville Coliseum,Jacksonville,Florida,
"Oct. 15, 1998",Lynyrd Skynyrd,Jacksonville Coliseum,Jacksonville,Florida,
,,,,,
"Oct. 21, 1998",Phunk Junkeez,Club Five,Jacksonville,Florida,
"Oct. 21, 1998",Twiztid,Club Five,Jacksonville,Florida,
"Oct. 21, 1998",ICP,Club Five,Jacksonville,Florida,
,,,,,
"Mar. 6, 1999",Rob Zombie,Jacksonville Coliseum,Jacksonville,Florida,
"Mar. 6, 1999",Korn,Jacksonville Coliseum,Jacksonville,Florida,
,,,,,
"Nov. 26, 1999",Twiztid,618,Jacksonville,Florida,
"Nov. 26, 1999",ICP,618,Jacksonville,Florida,
,,,,,
"Mar. 25, 2000",The Outsidaz,UNF Arena,Jacksonville,Florida,
"Mar. 25, 2000",Method Man,UNF Arena,Jacksonville,Florida,
"Mar. 25, 2000",Red Man,UNF Arena,Jacksonville,Florida,
,,,,,
"Jul. 28, 2000",One Man Army,Jacksonville Fairgrounds,Jacksonville,Florida,
"Jul. 28, 2000",Hot Water Music,Jacksonville Fairgrounds,Jacksonville,Florida,
"Jul. 28, 2000",Unwritten Law,Jacksonville Fairgrounds,Jacksonville,Florida,
"Jul. 28, 2000",Avail,Jacksonville Fairgrounds,Jacksonville,Florida,
"Jul. 28, 2000",The Suicide Machines,Jacksonville Fairgrounds,Jacksonville,Florida,
"Jul. 28, 2000",Good Riddance,Jacksonville Fairgrounds,Jacksonville,Florida,
"Jul. 28, 2000",Snapcase,Jacksonville Fairgrounds,Jacksonville,Florida,
"Jul. 28, 2000",Long Beach Dub All-Stars,Jacksonville Fairgrounds,Jacksonville,Florida,
"Jul. 28, 2000",Jurassic 5,Jacksonville Fairgrounds,Jacksonville,Florida,
"Jul. 28, 2000",Mighty Mighty Bosstones,Jacksonville Fairgrounds,Jacksonville,Florida,
"Jul. 28, 2000",Green Day,Jacksonville Fairgrounds,Jacksonville,Florida,
"Jul. 28, 2000",MXPX,Jacksonville Fairgrounds,Jacksonville,Florida,
"Jul. 28, 2000",Save Ferris,Jacksonville Fairgrounds,Jacksonville,Florida,
"Jul. 28, 2000",NOFX,Jacksonville Fairgrounds,Jacksonville,Florida,
"Jul. 28, 2000",Millencollin,Jacksonville Fairgrounds,Jacksonville,Florida,
,,,,,
"Sep. 11, 2000",(hed) p.e,Edge 2000,Jacksonville,Florida,
"Sep. 11, 2000",Taproot,Edge 2000,Jacksonville,Florida,
"Sep. 11, 2000",Papa Roach,Edge 2000,Jacksonville,Florida,
,,,,,
"Jun. 2, 2001",Myzery,Edge 2000,Jacksonville,Florida,
"Jun. 2, 2001",Blaze Ya Dead Homie,Edge 2000,Jacksonville,Florida,
"Jun. 2, 2001",ICP,Edge 2000,Jacksonville,Florida,
,,,,,
"Jul. 29, 2001",River City High,USF Soccer Stadium,Tampa,Florida,
"Jul. 29, 2001",The Vandals,USF Soccer Stadium,Tampa,Florida,
"Jul. 29, 2001",Jimmy Eat World,USF Soccer Stadium,Tampa,Florida,
"Jul. 29, 2001",The Bouncing Souls,USF Soccer Stadium,Tampa,Florida,
"Jul. 29, 2001",311,USF Soccer Stadium,Tampa,Florida,
"Jul. 29, 2001",Less Than Jake,USF Soccer Stadium,Tampa,Florida,
"Jul. 29, 2001",H20,USF Soccer Stadium,Tampa,Florida,
"Jul. 29, 2001",Me First & The Gimme Gimmes,USF Soccer Stadium,Tampa,Florida,
"Jul. 29, 2001",The Ataris,USF Soccer Stadium,Tampa,Florida,
"Jul. 29, 2001",Sum 41,USF Soccer Stadium,Tampa,Florida,
"Jul. 29, 2001",Fenix TX,USF Soccer Stadium,Tampa,Florida,
"Jul. 29, 2001",Morgan Heritage,USF Soccer Stadium,Tampa,Florida,
"Jul. 29, 2001",Esham,USF Soccer Stadium,Tampa,Florida,
"Jul. 29, 2001",Natas,USF Soccer Stadium,Tampa,Florida,
"Jul. 29, 2001",Rancid,USF Soccer Stadium,Tampa,Florida,
"Jul. 29, 2001",Kool Keith,USF Soccer Stadium,Tampa,Florida,
"Jul. 29, 2001",Pennywise,USF Soccer Stadium,Tampa,Florida,
"Jul. 29, 2001",AFI,USF Soccer Stadium,Tampa,Florida,
,,,,,
"Oct. 11, 2001",The Melvins,TD Waterhouse Centre,Orlando,Florida,
"Oct. 11, 2001",Tool,TD Waterhouse Centre,Orlando,Florida,
,,,,,
"Dec. 07, 2001",Nelly,UNF Arena,Jacksonville,Florida,
,,,,,
"Feb. 5, 2002",Bob Dylan,Jacksonville Coliseum,Jacksonville,Florida,
,,,,,
"Jun. 27, 2002",Incubus,Jacksonville Coliseum,Jacksonville,Florida,
,,,,,
"Aug. 5, 2002",Something Corporate,Jax Raceways,Jacksonville,Florida,
"Aug. 5, 2002",Thursday,Jax Raceways,Jacksonville,Florida,
"Aug. 5, 2002",Flogging Molly,Jax Raceways,Jacksonville,Florida,
"Aug. 5, 2002",No Use For A Name,Jax Raceways,Jacksonville,Florida,
"Aug. 5, 2002",Guttermouth,Jax Raceways,Jacksonville,Florida,
"Aug. 5, 2002",MXPX,Jax Raceways,Jacksonville,Florida,
"Aug. 5, 2002",Mighty Mighty Bosstones,Jax Raceways,Jacksonville,Florida,
"Aug. 5, 2002",Hot Water Music,Jax Raceways,Jacksonville,Florida,
"Aug. 5, 2002",Tiger Army,Jax Raceways,Jacksonville,Florida,
"Aug. 5, 2002",The Used,Jax Raceways,Jacksonville,Florida,
"Aug. 5, 2002",Deviates,Jax Raceways,Jacksonville,Florida,
"Aug. 5, 2002",Total Chaos,Jax Raceways,Jacksonville,Florida,
"Aug. 5, 2002",Death By Stereo,Jax Raceways,Jacksonville,Florida,
"Aug. 5, 2002",Quarashi,Jax Raceways,Jacksonville,Florida,
"Aug. 5, 2002",NOFX,Jax Raceways,Jacksonville,Florida,
"Aug. 5, 2002",New Found Glory,Jax Raceways,Jacksonville,Florida,
"Aug. 5, 2002",Lagwagon,Jax Raceways,Jacksonville,Florida,
"Aug. 5, 2002",Bad Religion,Jax Raceways,Jacksonville,Florida,
,,,,,
"Aug. 19, 2002",REO Speedwagon,Orlando World Center Marriott,Orlando,Florida,
,,,,,
"Nov. 9, 2002",Howie Day,King Center,Melbourne,Florida,
"Nov. 9, 2002",Tori Amos,King Center,Melbourne,Florida,
,,,,,
"Feb. 21, 2003",Jeffrey Gaines,Times-Union Moran Theater,Jacksonville,Florida,
"Feb. 21, 2003",Tori Amos,Times-Union Moran Theater,Jacksonville,Florida,
,,,,,
"Jul. 27, 2003",Glass Jaw,Jacksonville Fairgrounds,Jacksonville,Florida,
"Jul. 27, 2003",The Suicide Machines,Jacksonville Fairgrounds,Jacksonville,Florida,
"Jul. 27, 2003",Andrew WK,Jacksonville Fairgrounds,Jacksonville,Florida,
"Jul. 27, 2003",Face To Face,Jacksonville Fairgrounds,Jacksonville,Florida,
"Jul. 27, 2003",Rancid,Jacksonville Fairgrounds,Jacksonville,Florida,
"Jul. 27, 2003",Poison The Well,Jacksonville Fairgrounds,Jacksonville,Florida,
"Jul. 27, 2003",Yellowcard,Jacksonville Fairgrounds,Jacksonville,Florida,
"Jul. 27, 2003",The Ataris,Jacksonville Fairgrounds,Jacksonville,Florida,
"Jul. 27, 2003",Less Than Jake,Jacksonville Fairgrounds,Jacksonville,Florida,
"Jul. 27, 2003",The Starting Line,Jacksonville Fairgrounds,Jacksonville,Florida,
"Jul. 27, 2003",Thrice,Jacksonville Fairgrounds,Jacksonville,Florida,
"Jul. 27, 2003",Simple Plan,Jacksonville Fairgrounds,Jacksonville,Florida,
"Jul. 27, 2003",AFI,Jacksonville Fairgrounds,Jacksonville,Florida,
"Jul. 27, 2003",The Used,Jacksonville Fairgrounds,Jacksonville,Florida,
,,,,,
"Mar. 06, 2004",Maroon 5,Jacksonville Arena,Jacksonville,Florida,
"Mar. 06, 2004",John Mayer,Jacksonville Arena,Jacksonville,Florida,
,,,,,
"May 30, 2005",Willie Nelson,Metro Park,Jacksonville,Florida,
"May 30, 2005",Bob Dylan,Metro Park,Jacksonville,Florida,
,,,,,
"Jun. 02, 2007",Melt Banana,Veteran's Memorial Coliseum,Jacksonville,Florida,
"Jun. 02, 2007",Tool,Veteran's Memorial Coliseum,Jacksonville,Florida,
,,,,,
"Aug. 02, 2008",Street Drum Corps,Ford Ampitheatre,Tampa,Florida,
"Aug. 02, 2008",Armor For Sleep,Ford Ampitheatre,Tampa,Florida,
"Aug. 02, 2008",Hawthorne Heights,Ford Ampitheatre,Tampa,Florida,
"Aug. 02, 2008",10 Years,Ford Ampitheatre,Tampa,Florida,
"Aug. 02, 2008",Atreyu,Ford Ampitheatre,Tampa,Florida,
"Aug. 02, 2008",Ashes Divide,Ford Ampitheatre,Tampa,Florida,
"Aug. 02, 2008",The Bravery,Ford Ampitheatre,Tampa,Florida,
"Aug. 02, 2008",Chris Cornell,Ford Ampitheatre,Tampa,Florida,
"Aug. 02, 2008",Linkin Park,Ford Ampitheatre,Tampa,Florida,
,,,,,
"Aug. 18, 2008",The Bangles,Orlando World Center Marriott,Orlando,Florida,
,,,,,
"Aug. 03, 2009",Kaiser Chiefs,St Pete Times Forum,Tampa,Florida,
"Aug. 03, 2009",Green Day,St Pete Times Forum,Tampa,Florida,
,,,,,
"Apr. 29, 2010",Alberta Cross,Florida Theatre,Jacksonville,Florida,
"Apr. 29, 2010",Ben Harper & Relentless7,Florida Theatre,Jacksonville,Florida,
,,,,,
"Aug. 24, 2010",ALO,Amway Arena,Orlando,Florida,
"Aug. 24, 2010",G Love ,Amway Arena,Orlando,Florida,
"Aug. 24, 2010",Jack Johnson,Amway Arena,Orlando,Florida,
,,,,,
"Nov. 02, 2010",The Secret Sisters,Times-Union Moran Theater,Jacksonville,Florida,
"Nov. 02, 2010",Levon Helm Band,Times-Union Moran Theater,Jacksonville,Florida,
"Nov. 02, 2010",Ray Lamontagne & The Pariah Dogs,Times-Union Moran Theater,Jacksonville,Florida,
,,,,,
"May 20, 2011",Le Butcherettes,Plush,Jacksonville,Florida,
"May 20, 2011",Dillenger Escape Plan,Plush,Jacksonville,Florida,
"May 20, 2011",Deftones,Plush,Jacksonville,Florida,
,,,,,
"May 26, 2011",Groundscore,Freebird Live,Jacksonville,Florida,
"May 26, 2011",Maylene & The Sons Of Disaster,Freebird Live,Jacksonville,Florida,
"May 26, 2011",Clutch,Freebird Live,Jacksonville,Florida,
,,,,,
"Jun. 25, 2011",Wheatherman,Freebird Live,Jacksonville,Florida,
"Jun. 25, 2011",Zach Deputy,Freebird Live,Jacksonville,Florida,
,,,,,
"Jul. 13, 2011",Ray Mills Band,Whisky River,Jacksonville,Florida,
"Jul. 13, 2011",Jamey Johnson,Whisky River,Jacksonville,Florida,
,,,,,
"Sep. 27, 2011",The Wobbly Toms,Café 11,St. Augustine,Florida,
"Sep. 27, 2011",Matrimony,Café 11,St. Augustine,Florida,
"Sep. 27, 2011",Langhorne Slim,Café 11,St. Augustine,Florida,
,,,,,
"Oct. 16, 2011",Traverser,Brewster's Pit,Jacksonville,Florida,
"Oct. 16, 2011",Manna Zen,Brewster's Pit,Jacksonville,Florida,
"Oct. 16, 2011",In Whispers,Brewster's Pit,Jacksonville,Florida,
"Oct. 16, 2011",Down Theory,Brewster's Pit,Jacksonville,Florida,
"Oct. 16, 2011",Helmet,Brewster's Pit,Jacksonville,Florida,
,,,,,
"Dec. 29, 2011",Samuel Sanders,Jack Rabbits,Jacksonville,Florida,
"Dec. 29, 2011",Zach Deputy,Jack Rabbits,Jacksonville,Florida,
,,,,,
"Feb. 02, 2012",Ryan Montbleau Band,Café 11,St. Augustine,Florida,
,,,,,
"Mar. 10, 2012",The Dewars,Café 11,St. Augustine,Florida,
"Mar. 10, 2012",Langhorne Slim,Café 11,St. Augustine,Florida,
,,,,,
"Mar. 11, 2012",Hank 3,Brewster's Pit,Jacksonville,Florida,
,,,,,
"Sep. 28, 2012",Zach Deputy,Freebird Live,Jacksonville,Florida,
,,,,,
"Oct. 12, 2012",The Last Bison,Underbelly,Jacksonville,Florida,
"Oct. 12, 2012",Langhorne Slim,Underbelly,Jacksonville,Florida,
,,,,,
"Oct. 26, 2012",Zac Brown Band,Jacksonville Arena,Jacksonville,Florida,
,,,,,
"Nov. 16, 2012",Randy Montana,Mavericks,Jacksonville,Florida,
"Nov. 16, 2012",Aaron Lewis,Mavericks,Jacksonville,Florida,
,,,,,
"Jan. 9, 2013",Corey Chisel,Café 11,St. Augustine,Florida,
"Jan. 9, 2013",Justin Townes Earle,Café 11,St. Augustine,Florida,
,,,,,
"May 2, 2013",The Smashing Pumpkins,St. Augustine Amphitheatre,St. Augustine,Florida,
,,,,,
"May 15, 2013",The Wild Feathers,Freebird Live,Jacksonville,Florida,
"May 15, 2013",Ryan Bingham,Freebird Live,Jacksonville,Florida,
,,,,,
"Jun. 1, 2013",Joshua Black Wilkins,Freebird Live,Jacksonville,Florida,
"Jun. 1, 2013",Blacklist Royals,Freebird Live,Jacksonville,Florida,
"Jun. 1, 2013",Teenage Bottlerocket,Freebird Live,Jacksonville,Florida,
"Jun. 1, 2013",Face To Face,Freebird Live,Jacksonville,Florida,
,,,,,
"Jun. 14, 2013",Strand Of Oaks,Café 11,St. Augustine,Florida,
"Jun. 14, 2013",The Tallest Man On Earth,Café 11,St. Augustine,Florida,
,,,,,
"Jul. 24, 2013",The Movement,Mavericks,Jacksonville,Florida,
"Jul. 24, 2013",John Brown's Body,Mavericks,Jacksonville,Florida,
"Jul. 24, 2013",SOJA,Mavericks,Jacksonville,Florida,
,,,,,
"Sep. 13, 2013",Thao & The Get Down Stay Down,St. Augustine Francis Field,St. Augustine,Florida,
"Sep. 13, 2013",The Walkmen,St. Augustine Francis Field,St. Augustine,Florida,
"Sep. 13, 2013",Edward Sharpe & The Magnetic Zeros,St. Augustine Francis Field,St. Augustine,Florida,
,,,,,
"Sep. 14, 2013",Those Darlins,St. Augustine Francis Field,St. Augustine,Florida,
"Sep. 14, 2013",Half Moon Run,St. Augustine Francis Field,St. Augustine,Florida,
"Sep. 14, 2013",Justin Townes Earle,St. Augustine Francis Field,St. Augustine,Florida,
"Sep. 14, 2013",The Vaccines,St. Augustine Francis Field,St. Augustine,Florida,
"Sep. 14, 2013",John Fogerty,St. Augustine Francis Field,St. Augustine,Florida,
"Sep. 14, 2013",Mumford & Sons,St. Augustine Francis Field,St. Augustine,Florida,
,,,,,
"Oct. 18, 2013",Dr. Dog,St. Augustine Amphitheatre,St. Augustine,Florida,
"Oct. 18, 2013",The Lumineers,St. Augustine Amphitheatre,St. Augustine,Florida,
,,,,,
"Nov. 7, 2013",Serena Ryder,Freebird Live,Jacksonville,Florida,
"Nov. 7, 2013",Michael Franti & Spearhead,Freebird Live,Jacksonville,Florida,
,,,,,
"Nov. 15, 2013",The Avett Brothers,St. Augustine Amphitheatre,St. Augustine,Florida,
,,,,,
"Jan. 5, 2014",Crobot,Freebird Live,Jacksonville,Florida,
"Jan. 5, 2014",The Sword,Freebird Live,Jacksonville,Florida,
"Jan. 5, 2014",Clutch,Freebird Live,Jacksonville,Florida,
,,,,,
"Feb. 3, 2014",Chelsea Wolfe,Florida Theatre,Jacksonville,Florida,
"Feb. 3, 2014",Queens Of The Stone Age,Florida Theatre,Jacksonville,Florida,
,,,,,
"Mar. 6, 2014",Skinny Lister,Mavericks,Jacksonville,Florida,
"Mar. 6, 2014",Lucero,Mavericks,Jacksonville,Florida,
"Mar. 6, 2014",Dropkick Murphys,Mavericks,Jacksonville,Florida,
,,,,,
"Mar. 17, 2014",Zach Deputy,Nippers Beach Grille,Jacksonville,Florida,
,,,,,
"Apr. 3, 2014",Murs,Florida Theatre,Jacksonville,Florida,
"Apr. 3, 2014",Inner Circle,Florida Theatre,Jacksonville,Florida,
"Apr. 3, 2014",SOJA,Florida Theatre,Jacksonville,Florida,
,,,,,
"May 5, 2014",Earl Sweatshirt,Freebird Live,Jacksonville,Florida,
,,,,,
"May 13, 2014",Dawes,Ponte Vedra Concert Hall,Ponte Vedra Beach,Florida,
"May 13, 2014",Conor Oberst,Ponte Vedra Concert Hall,Ponte Vedra Beach,Florida,
,,,,,
"May 20, 2014",ALO,St. Augustine Amphitheatre,St. Augustine,Florida,
"May 20, 2014",Jack Johnson,St. Augustine Amphitheatre,St. Augustine,Florida,
,,,,,
"May 25, 2014",Dale Watson,St. Augustine Amphitheatre,St. Augustine,Florida,
"May 25, 2014",Old Crow Medicine Show,St. Augustine Amphitheatre,St. Augustine,Florida,
,,,,,
"Jul. 15, 2014",Jenny Lewis,Florida Theatre,Jacksonville,Florida,
"Jul. 15, 2014",Ray LaMontagne,Florida Theatre,Jacksonville,Florida,
,,,,,
"Jul. 25, 2014",Hank 3,Underbelly,Jacksonville,Florida,
,,,,,
"Jul. 26, 2014",Carrie Underwood,EverBank Field ,Jacksonville,Florida,
,,,,,
"Aug. 19, 2014",Stiff Little Fingers,St. Augustine Amphitheatre,St. Augustine,Florida,
"Aug. 19, 2014",Pennywise,St. Augustine Amphitheatre,St. Augustine,Florida,
"Aug. 19, 2014",Bad Religion,St. Augustine Amphitheatre,St. Augustine,Florida,
"Aug. 19, 2014",The Offspring,St. Augustine Amphitheatre,St. Augustine,Florida,
,,,,,
"Sep. 20, 2014",Olivia Jean,Times-Union Moran Theater,Jacksonville,Florida,
"Sep. 20, 2014",Jack White,Times-Union Moran Theater,Jacksonville,Florida,
,,,,,
"Oct. 19, 2014",Alice Cooper,Jacksonville Arena,Jacksonville,Florida,
"Oct. 19, 2014",Motley Crue,Jacksonville Arena,Jacksonville,Florida,
,,,,,
"Nov. 15, 2014",Cory Branan,Colonial Quarter,St. Augustine,Florida,
"Nov. 15, 2014",Justin Townes Earle,Colonial Quarter,St. Augustine,Florida,
,,,,,
"Dec. 17, 2014",St. Vincent,Amway Center,Orlando,Florida,
"Dec. 17, 2014",The Black Keys,Amway Center,Orlando,Florida,
,,,,,
"Feb. 17, 2015",Leilani Wolfgramm,Ponte Vedra Concert Hall,Ponte Vedra Beach,Florida,
"Feb. 17, 2015",The Green,Ponte Vedra Concert Hall,Ponte Vedra Beach,Florida,
"Feb. 17, 2015",SOJA,Ponte Vedra Concert Hall,Ponte Vedra Beach,Florida,
,,,,,
"Feb. 21, 2015",Ryan Bingham,Freebird Live,Jacksonville,Florida,
"Feb. 21, 2015",Lucero,Freebird Live,Jacksonville,Florida,
,,,,,
"May 16, 2015",The Devil Makes Three ,St. Augustine Amphitheatre,St. Augustine,Florida,
"May 16, 2015",Old Crow Medicine Show,St. Augustine Amphitheatre,St. Augustine,Florida,
,,,,,
"Aug. 5, 2015",Kid You Not,Freebird Live,Jacksonville,Florida,
"Aug. 5, 2015",Flag On Fire,Freebird Live,Jacksonville,Florida,
"Aug. 5, 2015",Face To Face,Freebird Live,Jacksonville,Florida,
,,,,,
"Aug. 16, 2015",Mickey Avalon,St. Augustine Amphitheatre,St. Augustine,Florida,
"Aug. 16, 2015",Pepper,St. Augustine Amphitheatre,St. Augustine,Florida,
"Aug. 16, 2015",Rebelution,St. Augustine Amphitheatre,St. Augustine,Florida,
"Aug. 16, 2015",Sublime w/ Rome,St. Augustine Amphitheatre,St. Augustine,Florida,
,,,,,
"Sep. 5, 2015",Nicki Bluhm & The Gramblers,St. Augustine Celebrate 450!,St. Augustine,Florida,
"Sep. 5, 2015",Justin Townes Earle,St. Augustine Celebrate 450!,St. Augustine,Florida,
"Sep. 5, 2015",JJ Grey & Mofro,St. Augustine Celebrate 450!,St. Augustine,Florida,
,,,,,
"Oct. 17, 2015",Night Ranger,Jacksonville Arena,Jacksonville,Florida,
"Oct. 17, 2015",Foreigner,Jacksonville Arena,Jacksonville,Florida,
"Oct. 17, 2015",Def Leppard,Jacksonville Arena,Jacksonville,Florida,
,,,,,
"Jan. 1, 2016",Collie Buddz,Florida Theatre,Jacksonville,Florida,
"Jan. 1, 2016",SOJA,Florida Theatre,Jacksonville,Florida,
,,,,,
"Mar. 5, 2016",Shovels & Rope,St. Augustine Amphitheatre,St. Augustine,Florida,
"Mar. 5, 2016",Jason Isbell,St. Augustine Amphitheatre,St. Augustine,Florida,
,,,,,
"Apr. 13, 2016",Pearl Jam,Jacksonville Arena,Jacksonville,Florida,
,,,,,
"May 17, 2016",Deftones,St. Augustine Amphitheatre,St. Augustine,Florida, 
,,,,,
"Oct. 2, 2016",Wakrat,Perfect Vodka Ampitheatre,West Palm Beach,Florida,
"Oct. 2, 2016",AWOLNATION,Perfect Vodka Ampitheatre,West Palm Beach,Florida,
"Oct. 2, 2016",Prophets Of Rage,Perfect Vodka Ampitheatre,West Palm Beach,Florida,
,,,,,
"Nov. 2, 2016",Puscifer,The Fillmore Miami Beach at Jackie Gleason Theater,Miami Beach,Florida,
,,,,,
"Feb. 4, 2017",The Avett Brothers,Pompano Beach Amphitheater,Pompano Beach,Florida,
,,,,,
"Mar. 29, 2017",Easy Action,Culture Room,Fort Lauderdale,Florida,
"Mar. 29, 2017",Dinosaur Jr. ,Culture Room,Fort Lauderdale,Florida,
,,,,,
"Mar. 30, 2017",Dudu Tassa & The Kuwaitis,American Airlines Arena,Miami,Florida,
"Mar. 30, 2017",Radiohead,American Airlines Arena,Miami,Florida,
,,,,,
"Jun. 23, 2017",Three Trapped Tigers,Bayfront Park Ampitheatre,Miami,Florida,
"Jun. 23, 2017",Thrice,Bayfront Park Ampitheatre,Miami,Florida,
"Jun. 23, 2017",Deftones,Bayfront Park Ampitheatre,Miami,Florida,
"Jun. 23, 2017",Rise Against,Bayfront Park Ampitheatre,Miami,Florida,
,,,,,
"Sep. 3, 2017",Catfish & The Bottlemen,Perfect Vodka Ampitheatre,West Palm Beach,Florida,
"Sep. 3, 2017",Green Day,Perfect Vodka Ampitheatre,West Palm Beach,Florida,
,,,,,
"Sep. 15, 2017",Chase Bryant,Perfect Vodka Ampitheatre,West Palm Beach,Florida,
"Sep. 15, 2017",Dustin Lynch,Perfect Vodka Ampitheatre,West Palm Beach,Florida,
"Sep. 15, 2017",Brad Paisley,Perfect Vodka Ampitheatre,West Palm Beach,Florida,
,,,,,
"Sep. 19, 2017",Mumford & Sons,American Airlines Arena,Miami,Florida,
,,,,,
"Oct. 20, 2017",Tim Kasher,Culture Room,Fort Lauderdale,Florida,
"Oct. 20, 2017",Conor Oberst,Culture Room,Fort Lauderdale,Florida,
,,,,,
"Dec. 3, 2017",The Obsessed,Revolution Live,Fort Lauderdale,Florida,
"Dec. 3, 2017",Devin Townsend Project,Revolution Live,Fort Lauderdale,Florida,
"Dec. 3, 2017",Clutch,Revolution Live,Fort Lauderdale,Florida,
,,,,,
"May 23, 2018",Lance Skiiiwalker,Coral Sky Amphitheatre,West Palm Beach,Florida,
"May 23, 2018",SiR,Coral Sky Amphitheatre,West Palm Beach,Florida,
"May 23, 2018",Ab-Soul,Coral Sky Amphitheatre,West Palm Beach,Florida,
"May 23, 2018",Jay Rock,Coral Sky Amphitheatre,West Palm Beach,Florida,
"May 23, 2018",Schoolboy Q,Coral Sky Amphitheatre,West Palm Beach,Florida,
"May 23, 2018",Kendrick Lamar,Coral Sky Amphitheatre,West Palm Beach,Florida,
,,,,,
"Jun. 11, 2018",Turbowolf,Revolution Live,Fort Lauderdale,Florida,
"Jun. 11, 2018",Royal Blood,Revolution Live,Fort Lauderdale,Florida,
,,,,,
"Jun. 29, 2018",David Crosby & Friends,Red Rocks Amphitheatre ,Morrison,Colorado,
"Jun. 29, 2018",The Avett Brothers,Red Rocks Amphitheatre ,Morrison,Colorado,
,,,,,
"Jun. 30, 2018",Mandolin Orange,Red Rocks Amphitheatre ,Morrison,Colorado,
"Jun. 30, 2018",The Avett Brothers,Red Rocks Amphitheatre ,Morrison,Colorado,
,,,,,
"Jul. 1, 2018",Jill Andrews,Red Rocks Amphitheatre ,Morrison,Colorado,
"Jul. 1, 2018",The Avett Brothers,Red Rocks Amphitheatre ,Morrison,Colorado,
,,,,,
"Jul. 24, 2018",Metric,American Airlines Arena,Miami,Florida,
"Jul. 24, 2018",The Smashing Pumpkins,American Airlines Arena,Miami,Florida,
,,,,,
"Nov. 16, 2018",The Avett Brothers,Key West Amphitheater at Truman Waterfront,Key West,Florida,
,,,,,
"Nov. 17, 2018",The Avett Brothers,Key West Amphitheater at Truman Waterfront,Key West,Florida,
,,,,,
"Jan. 25, 2019",Matisyahu,Boca Black Box,Boca Raton,Florida,
,,,,,
"Feb. 23, 2019",Erin Enderlin,Abacoa Town Center Amphitheater,Jupiter,Florida,
"Feb. 23, 2019",Jamey Johnson,Abacoa Town Center Amphitheater,Jupiter,Florida,
,,,,,
"Mar. 7, 2019",Passafire,Culture Room,Fort Lauderdale,Florida,
"Mar. 7, 2019",SOJA,Culture Room,Fort Lauderdale,Florida,
,,,,,
"Jul. 26, 2019",Dave Matthews Band,Coral Sky Amphitheatre,West Palm Beach,Florida,
,,,,,
"Aug. 17, 2019",Collie Buddz,Sunset Cove Amphitheater,Boca Raton,Florida,
"Aug. 17, 2019",Protoje,Sunset Cove Amphitheater,Boca Raton,Florida,
"Aug. 17, 2019",Rebelution,Sunset Cove Amphitheater,Boca Raton,Florida,
,,,,,
"Sep. 8, 2019",Caroline Spence,City Winery Nashville,Nashville,Tennessee,
"Sep. 8, 2019",Holly Williams,City Winery Nashville,Nashville,Tennessee,
,,,,,
"Oct. 12, 2019",Kendell Marvel,Coral Sky Amphitheatre,West Palm Beach,Florida,
"Oct. 12, 2019",Brothers Osborne,Coral Sky Amphitheatre,West Palm Beach,Florida,
"Oct. 12, 2019",Chris Stapleton,Coral Sky Amphitheatre,West Palm Beach,Florida,
,,,,,
"Oct. 18, 2019",Lukas Nelson & Promise of the Real,Coral Sky Amphitheatre,West Palm Beach,Florida,
"Oct. 18, 2019",Zac Brown Band,Coral Sky Amphitheatre,West Palm Beach,Florida,
,,,,,
"Oct. 19, 2019",Face To Face,St. Augustine Amphitheatre,St. Augustine,Florida,
"Oct. 19, 2019",Lagwagon,St. Augustine Amphitheatre,St. Augustine,Florida,
,,,,,
"Nov. 6, 2019",Shannon & The Clams,BB&T Center,Sunrise,Florida,
"Nov. 6, 2019",Modest Mouse,BB&T Center,Sunrise,Florida,
"Nov. 6, 2019",The Black Keys,BB&T Center,Sunrise,Florida,
,,,,,
"Feb. 1, 2020",Author & Punisher,Smoothie King Center,New Orleans,Louisiana,
"Feb. 1, 2020",Tool,Smoothie King Center,New Orleans,Louisiana,
,,,,,
"May 17, 2021",Caroline Jones,Pavilion At Old School Square,Delray Beach,Florida,
"May 17, 2021",Jimmy Buffett,Pavilion At Old School Square,Delray Beach,Florida,
,,,,,
"Sep. 7, 2021",Dirty Honey,Coral Sky Amphitheatre,West Palm Beach,Florida,
"Sep. 7, 2021",The Black Crowes,Coral Sky Amphitheatre,West Palm Beach,Florida,
,,,,,
"Oct. 23, 2021",Kash'd Out,Abacoa Town Center Amphitheater,Jupiter,Florida,
"Oct. 23, 2021",Badfish,Abacoa Town Center Amphitheater,Jupiter,Florida,
"Oct. 23, 2021",Tribal Seeds,Abacoa Town Center Amphitheater,Jupiter,Florida,
,,,,,
"Feb. 10, 2022",Blonde Redhead,FTX Arena,Miami,Florida,
"Feb. 10, 2022",Tool,FTX Arena,Miami,Florida,
,,,,,
"May 3, 2022",Battles,The Fillmore Miami Beach at Jackie Gleason Theater,Miami Beach,Florida,
"May 3, 2022",Primus,The Fillmore Miami Beach at Jackie Gleason Theater,Miami Beach,Florida,
,,,,,
"May 20, 2022",Caamp,Coral Sky Amphitheatre,West Palm Beach,Florida,
"May 20, 2022",The Lumineers,Coral Sky Amphitheatre,West Palm Beach,Florida,
,,,,,
"May 27, 2022",Hurray For The Riff Raff,The Fillmore Miami Beach at Jackie Gleason Theater,Miami Beach,Florida,
"May 27, 2022",Bright Eyes,The Fillmore Miami Beach at Jackie Gleason Theater,Miami Beach,Florida,
,,,,,
"Jun. 15, 2022",Iann Dior,FTX Arena,Miami,Florida,
"Jun. 15, 2022",Blackbear,FTX Arena,Miami,Florida,
"Jun. 15, 2022",Machine Gun Kelly,FTX Arena,Miami,Florida,
,,,,,
"Jul. 15, 2022",Tribal Seeds,Sunset Cove Amphitheater,Boca Raton,Florida,
"Jul. 15, 2022",SOJA,Sunset Cove Amphitheater,Boca Raton,Florida,
"Jul. 15, 2022",Dirty Heads,Sunset Cove Amphitheater,Boca Raton,Florida,
,,,,,
"Aug. 18, 2022",Ziggy Marley,Coral Sky Amphitheatre,West Palm Beach,Florida,
"Aug. 18, 2022",Jack Johnson,Coral Sky Amphitheatre,West Palm Beach,Florida,
,,,,,
"Aug. 24, 2022",Early James,Coral Sky Amphitheatre,West Palm Beach,Florida,
"Aug. 24, 2022",Band Of Horses,Coral Sky Amphitheatre,West Palm Beach,Florida,
"Aug. 24, 2022",The Black Keys,Coral Sky Amphitheatre,West Palm Beach,Florida,
,,,,,
"Sep. 13, 2022",Johnny Marr,FTX Arena,Miami,Florida,
"Sep. 13, 2022",The Killers,FTX Arena,Miami,Florida,
,,,,,
"Sep. 20, 2022",Cat Power,James L Knight Center ,Miami,Florida,
"Sep. 20, 2022",Jack White ,James L Knight Center ,Miami,Florida,
,,,,,
"Oct. 8, 2022",Jane's Addiction,Hard Rock Live,Hollywood,Florida,
"Oct. 8, 2022",The Smashing Pumpkins,Hard Rock Live,Hollywood,Florida,
,,,,,
"Feb. 16, 2023",Four Year Strong,Sunset Cove Amphitheater,Boca Raton,Florida,
"Feb. 16, 2023",Silverstein,Sunset Cove Amphitheater,Boca Raton,Florida,
"Feb. 16, 2023",Rise Against ,Sunset Cove Amphitheater,Boca Raton,Florida,
,,,,,
"Apr. 21, 2023",Blame My Youth,The Fillmore New Orleans,New Orleans,Louisiana,
"Apr. 21, 2023",Jameson Rodgers,The Fillmore New Orleans,New Orleans,Louisiana,
"Apr. 21, 2023",Hardy,The Fillmore New Orleans,New Orleans,Louisiana,
,,,,,
"May 4, 2023",Lorna Shore,Sunset Cove Amphitheater,Boca Raton,Florida,
"May 4, 2023",Mastodon,Sunset Cove Amphitheater,Boca Raton,Florida,
"May 4, 2023",Gojira,Sunset Cove Amphitheater,Boca Raton,Florida,
,,,,,
"May 21, 2023",Pennywise,Daytona International Speedway,Daytona Beach,Florida,
"May 21, 2023",The Mars Volta,Daytona International Speedway,Daytona Beach,Florida,
"May 21, 2023",Coheed & Cambria,Daytona International Speedway,Daytona Beach,Florida,
"May 21, 2023",Incubus,Daytona International Speedway,Daytona Beach,Florida,
"May 21, 2023",Ghostmane,Daytona International Speedway,Daytona Beach,Florida,
"May 21, 2023",Deftones,Daytona International Speedway,Daytona Beach,Florida,
"May 21, 2023",Tool,Daytona International Speedway,Daytona Beach,Florida,
,,,,,
"May 23, 2023",Trampled By Turtles,Vystar Veterans Memorial Arena ,Jacksonville,Florida,
"May 23, 2023",Zach Bryan,Vystar Veterans Memorial Arena ,Jacksonville,Florida,
,,,,,
"Jun. 14, 2023",Ruby Force,Lillian S. Wells Hall at The Parker,Fort Lauderdale,Florida,
"Jun. 14, 2023",Ryan Adams & The Cardinals ,Lillian S. Wells Hall at The Parker,Fort Lauderdale,Florida,
,,,,,
"Jul. 7, 2023",Channing Wilson,Hard Rock Live,Hollywood,Florida,
"Jul. 7, 2023",Corey Smith,Hard Rock Live,Hollywood,Florida,
"Jul. 7, 2023",Riley Green ,Hard Rock Live,Hollywood,Florida,
,,,,,
"Jul. 8, 2023",Lainey Wilson,Raymond James Stadium,Tampa,Florida,
"Jul. 8, 2023",Riley Green ,Raymond James Stadium,Tampa,Florida,
"Jul. 8, 2023",Luke Combs,Raymond James Stadium,Tampa,Florida,
,,,,,
"Jul. 11, 2023",KennyHoopla,FLA Live Arena ,Sunrise,Florida,
"Jul. 11, 2023",Turnstile,FLA Live Arena ,Sunrise,Florida,
"Jul. 11, 2023",Blink-182,FLA Live Arena ,Sunrise,Florida,
,,,,,
"Aug. 19, 2023",Rival Sons,Coral Sky Amphitheatre,West Palm Beach,Florida,
"Aug. 19, 2023",Interpol,Coral Sky Amphitheatre,West Palm Beach,Florida,
"Aug. 19, 2023",The Smashing Pumpkins,Coral Sky Amphitheatre,West Palm Beach,Florida,
,,,,,
"Aug. 23, 2023",Mike Dillon & Punkadelick,Revolution Live,Fort Lauderdale,Florida,
"Aug. 23, 2023",Giovannie & The Hired Guns,Revolution Live,Fort Lauderdale,Florida,
"Aug. 23, 2023",Clutch ,Revolution Live,Fort Lauderdale,Florida,
,,,,,
"Sep. 15, 2023",The Warning,Hard Rock Live,Hollywood,Florida,
"Sep. 15, 2023",Guns N Roses,Hard Rock Live,Hollywood,Florida,
,,,,,
"Oct. 6, 2023",Gov't Mule,iThink Financial Amphitheatre ,West Palm Beach,Florida,
"Oct. 6, 2023",The Avett Brothers,iThink Financial Amphitheatre ,West Palm Beach,Florida,
"Oct. 6, 2023",Willie Nelson,iThink Financial Amphitheatre ,West Palm Beach,Florida,
,,,,,
"Oct. 20, 2023",U2,Sphere,Las Vegas,Nevada,
,,,,,
"Oct. 22, 2023",CeeLo Green,Delilah Lounge,Las Vegas,Nevada,
,,,,,
"Nov. 3, 2023",Mihali,Revolution Live,Fort Lauderdale,Florida,
"Nov. 3, 2023",Hirie,Revolution Live,Fort Lauderdale,Florida,
"Nov. 3, 2023",SOJA,Revolution Live,Fort Lauderdale,Florida,
,,,,,
"Nov. 5, 2023",Joshua Ray Walker,Revolution Live,Fort Lauderdale,Florida,
"Nov. 5, 2023",Marcus King,Revolution Live,Fort Lauderdale,Florida,
,,,,,
"Jan. 18, 2024",Elder,Hard Rock Live,Hollywood,Florida,
"Jan. 18, 2024",Tool,Hard Rock Live,Hollywood,Florida,
,,,,,
"Jan. 19, 2024",Elder,Hard Rock Live,Hollywood,Florida,
"Jan. 19, 2024",Tool,Hard Rock Live,Hollywood,Florida,
,,,,,
"Feb. 3, 2024",Nest,Amerant Bank Arena,Sunrise,Florida,
"Feb. 3, 2024",Lamb of God,Amerant Bank Arena,Sunrise,Florida,
"Feb. 3, 2024",Pantera,Amerant Bank Arena,Sunrise,Florida,
,,,,,
"Apr. 27, 2024",Lovecrimes,Revolution Live,Fort Lauderdale,Florida,
"Apr. 27, 2024",Bad Religion,Revolution Live,Fort Lauderdale,Florida,
"Apr. 27, 2024",Social Distortion,Revolution Live,Fort Lauderdale,Florida,
,,,,,
"May 9, 2024",Nikki Lane,iThink Financial Amphitheatre ,West Palm Beach,Florida,
"May 9, 2024",Grace Potter,iThink Financial Amphitheatre ,West Palm Beach,Florida,
"May 9, 2024",Chris Stapleton,iThink Financial Amphitheatre ,West Palm Beach,Florida,
,,,,,
"May 10, 2024",Royal Blood,Hard Rock Live,Hollywood,Florida,
"May 10, 2024",Queens Of The Stone Age ,Hard Rock Live,Hollywood,Florida,
,,,,,
"May 24, 2024",Dave Matthews Band,iThink Financial Amphitheatre ,West Palm Beach,Florida,
,,,,,
"Jun. 18, 2024",DOMi & JD Beck,iThink Financial Amphitheatre ,West Palm Beach,Florida,
"Jun. 18, 2024",Red Hot Chili Peppers,iThink Financial Amphitheatre ,West Palm Beach,Florida,
,,,,,
"Jun. 20, 2024",Ingrid Andress,iThink Financial Amphitheatre ,West Palm Beach,Florida,
"Jun. 20, 2024",Joan Jett & The Blackhearts,iThink Financial Amphitheatre ,West Palm Beach,Florida,
"Jun. 20, 2024",Alanis Morissette,iThink Financial Amphitheatre ,West Palm Beach,Florida,
,,,,,
"Jun. 21, 2024",jxdn,Kaseya Center,Miami,Florida,
"Jun. 21, 2024",Pierce The Veil,Kaseya Center,Miami,Florida,
"Jun. 21, 2024",Blink-182,Kaseya Center,Miami,Florida,
,,,,,
"Jul. 22, 2024",Levi Turner,Amerant Bank Arena,Sunrise,Florida,
"Jul. 22, 2024",The War And Treaty,Amerant Bank Arena,Sunrise,Florida,
"Jul. 22, 2024",Zach Bryan,Amerant Bank Arena,Sunrise,Florida,
,,,,,
"Aug. 2, 2024",Elovaters,iThink Financial Amphitheatre ,West Palm Beach,Florida,
"Aug. 2, 2024",Common Kings,iThink Financial Amphitheatre ,West Palm Beach,Florida,
"Aug. 2, 2024",Dirty Heads,iThink Financial Amphitheatre ,West Palm Beach,Florida,
"Aug. 2, 2024",Slightly Stoopid,iThink Financial Amphitheatre ,West Palm Beach,Florida,
,,,,,
"Aug. 6, 2024",Riff Raff,iThink Financial Amphitheatre ,West Palm Beach,Florida,
"Aug. 6, 2024",N8NOFACE,iThink Financial Amphitheatre ,West Palm Beach,Florida,
"Aug. 6, 2024",Bones w/ Eddy Baker & Xavier Wulf,iThink Financial Amphitheatre ,West Palm Beach,Florida,
"Aug. 6, 2024",Limp Bizkit,iThink Financial Amphitheatre ,West Palm Beach,Florida,
,,,,,
"Aug. 10, 2024",Little Stranger,iThink Financial Amphitheatre ,West Palm Beach,Florida,
"Aug. 10, 2024",SOJA,iThink Financial Amphitheatre ,West Palm Beach,Florida,
"Aug. 10, 2024",Stick Figure,iThink Financial Amphitheatre ,West Palm Beach,Florida,
,,,,,
"Aug. 23, 2024",KennyHoopla,iThink Financial Amphitheatre ,West Palm Beach,Florida,
"Aug. 23, 2024",Poppy,iThink Financial Amphitheatre ,West Palm Beach,Florida,
"Aug. 23, 2024",AFI,iThink Financial Amphitheatre ,West Palm Beach,Florida,
"Aug. 23, 2024",Thirty Seconds To Mars,iThink Financial Amphitheatre ,West Palm Beach,Florida,
,,,,,
"Sep. 14, 2024",Spiritbox,iThink Financial Amphitheatre ,West Palm Beach,Florida,
"Sep. 14, 2024",Gojira,iThink Financial Amphitheatre ,West Palm Beach,Florida,
"Sep. 14, 2024",Korn,iThink Financial Amphitheatre ,West Palm Beach,Florida,
,,,,,
"Sep. 21, 2024",Finger Eleven,iThink Financial Amphitheatre ,West Palm Beach,Florida,
"Sep. 21, 2024",3 Doors Down,iThink Financial Amphitheatre ,West Palm Beach,Florida,
"Sep. 21, 2024",Creed,iThink Financial Amphitheatre ,West Palm Beach,Florida,
,,,,,
"Nov. 17, 2024",The Avett Brothers,Hard Rock Live,Hollywood,Florida,
,,,,,
"Mar. 22, 2025",Fleshwater,Amerant Bank Arena,Sunrise,Florida,
"Mar. 22, 2025",The Mars Volta,Amerant Bank Arena,Sunrise,Florida,
"Mar. 22, 2025",Deftones,Amerant Bank Arena,Sunrise,Florida,
,,,,,
"Apr. 27, 2025",Dead Pioneers,Hard Rock Live,Hollywood,Florida,
"Apr. 27, 2025",Pearl Jam,Hard Rock Live,Hollywood,Florida,
,,,,,
"May 6, 2025",A Perfect Circle,Hard Rock Live,Hollywood,Florida,
"May 6, 2025",Primus,Hard Rock Live,Hollywood,Florida,
"May 6, 2025",Puscifer,Hard Rock Live,Hollywood,Florida,
,,,,,
"May 29, 2025",S.G. Goodman,VyStar Veterans Memorial Arena,Jacksonville,Florida,
"May 29, 2025",Tyler Childers ,VyStar Veterans Memorial Arena,Jacksonville,Florida,
,,,,,
"Jun. 28, 2025",Little Stranger,iThink Financial Amphitheatre ,West Palm Beach,Florida,
"Jun. 28, 2025",Iration,iThink Financial Amphitheatre ,West Palm Beach,Florida,
"Jun. 28, 2025",Slightly Stoopid,iThink Financial Amphitheatre ,West Palm Beach,Florida,
,,,,,
"Jul. 5, 2025",The Hip Abduction,iThink Financial Amphitheatre ,West Palm Beach,Florida,
"Jul. 5, 2025",Stephen Marley,iThink Financial Amphitheatre ,West Palm Beach,Florida,
"Jul. 5, 2025",Stick Figure,iThink Financial Amphitheatre ,West Palm Beach,Florida,
,,,,,
"Jul. 11, 2025",New Found Glory,iThink Financial Amphitheatre ,West Palm Beach,Florida,
"Jul. 11, 2025",Jimmy Eat World,iThink Financial Amphitheatre ,West Palm Beach,Florida,
"Jul. 11, 2025",The Offspring,iThink Financial Amphitheatre ,West Palm Beach,Florida,
,,,,,
"Jul. 26, 2025",Ryan Adams,Lillian S. Wells Hall at The Parker,Fort Lauderdale,Florida,
,,,,,
"Aug. 28, 2025",Beauty School Dropout,Hard Rock Live,Hollywood,Florida,
"Aug. 28, 2025",Alkaline Trio,Hard Rock Live,Hollywood,Florida,
"Aug. 28, 2025",Blink-182,Hard Rock Live,Hollywood,Florida,
,,,,,
"Sep. 13, 2025",King Parrot,iThink Financial Amphitheatre ,West Palm Beach,Florida,
"Sep. 13, 2025",Amon Amarth,iThink Financial Amphitheatre ,West Palm Beach,Florida,
"Sep. 13, 2025",Pantera,iThink Financial Amphitheatre ,West Palm Beach,Florida,
,,,,,
"Oct. 5, 2025",Underoath,iThink Financial Amphitheatre ,West Palm Beach,Florida,
"Oct. 5, 2025",Rise Against,iThink Financial Amphitheatre ,West Palm Beach,Florida,
"Oct. 5, 2025",Papa Roach,iThink Financial Amphitheatre ,West Palm Beach,Florida,
,,,,,
"Oct. 7, 2025",Chance Pena,Hard Rock Live,Hollywood,Florida,
"Oct. 7, 2025",The Lumineers,Hard Rock Live,Hollywood,Florida,
,,,,,
"Oct. 23, 2025",Ryan Bingham and The Texas Gentlemen,Pompano Beach Amphitheater,Pompano Beach,Florida,
,,,,,
"Oct. 24, 2025",TR/ST,FTL War Memorial Auditorium,Fort Lauderdale,Florida,
"Oct. 24, 2025",AFI,FTL War Memorial Auditorium,Fort Lauderdale,Florida,
,,,,,
"Oct. 30, 2025",Hollow Leg,Culture Room,Fort Lauderdale,Florida,
"Oct. 30, 2025",Clutch,Culture Room,Fort Lauderdale,Florida,
,,,,,
"Feb. 7, 2026",Boys Noize,VyStar Veterans Memorial Arena,Jacksonville,Florida,
"Feb. 7, 2026",Nine Inch Nails,VyStar Veterans Memorial Arena,Jacksonville,Florida,
,,,,,
"Mar. 14, 2026",J.R. Carroll,Raymond James Stadium,Tampa,Florida,
"Mar. 14, 2026",Caamp,Raymond James Stadium,Tampa,Florida,
"Mar. 14, 2026",Zach Bryan,Raymond James Stadium,Tampa,Florida,
,,,,,
"Apr. 24, 2026",Miles Kane,Hard Rock Live,Hollywood,Florida,
"Apr. 24, 2026",The Black Keys,Hard Rock Live,Hollywood,Florida,
,,,,,
"May. 9, 2026",Hannah McFarland,Ameris Bank Amphitheatre,Alpharetta,Georgia,
"May. 9, 2026",Drake White,Ameris Bank Amphitheatre,Alpharetta,Georgia,
"May. 9, 2026",Justin Moore,Ameris Bank Amphitheatre,Alpharetta,Georgia,
"May. 9, 2026",Riley Green,Ameris Bank Amphitheatre,Alpharetta,Georgia,
,,,,,
"May. 16, 2026",Artikal Sound System,Pompano Beach Amphitheater,Pompano Beach,Florida,
"May. 16, 2026",Tribal Seeds,Pompano Beach Amphitheater,Pompano Beach,Florida,
"May. 16, 2026",SOJA,Pompano Beach Amphitheater,Pompano Beach,Florida,
"May. 16, 2026",Iration,Pompano Beach Amphitheater,Pompano Beach,Florida,
,,,,,
"May. 28, 2026",Beauty School Dropout,iThink Financial Amphitheatre ,West Palm Beach,Florida,
"May. 28, 2026",Wiz Khalifa,iThink Financial Amphitheatre ,West Palm Beach,Florida,
"May. 28, 2026",Machine Gun Kelly,iThink Financial Amphitheatre ,West Palm Beach,Florida,
,,,,,
"May. 30, 2026",Southall,Hard Rock Live,Hollywood,Florida,
"May. 30, 2026",Whiskey Myers,Hard Rock Live,Hollywood,Florida,
"May. 30, 2026",The Black Crowes,Hard Rock Live,Hollywood,Florida,
,,,,,
"May. 31, 2026",Penelope Road,Mizner Park Amphitheater,Boca Raton,Florida,
"May. 31, 2026",Marcus King Band,Mizner Park Amphitheater,Boca Raton,Florida,
,,,,,
"Jul. 6, 2026",Djo,Kaseya Center,Miami,Florida,
"Jul. 6, 2026",Tame Impala,Kaseya Center,Miami,Florida,
,,,,,
"Aug. 6, 2026",Medium Build,Hard Rock Live,Hollywood,Florida,
"Aug. 6, 2026",Mumford & Sons,Hard Rock Live,Hollywood,Florida,
,,,,,
"Aug. 18, 2026",Lake Street Dive,iThink Financial Amphitheatre ,West Palm Beach,Florida,
"Aug. 18, 2026",Jack Johnson,iThink Financial Amphitheatre ,West Palm Beach,Florida,